BORO_NM,counts
BRONX,0.22166272629301342
BROOKLYN,0.2938363088027669
MANHATTAN,0.2412490288301685
QUEENS,0.1976153081427891
STATEN ISLAND,0.04563662793126206
